age,job,marital,education,default,housing,loan,contact,month,day_of_week,duration,campaign,pdays,previous,poutcome,emp.var.rate,cons.price.idx,cons.conf.idx,euribor3m,nr.employed,y,predicted_subscribe,actual_subscribe
48,admin.,divorced,university.degree,no,no,no,cellular,aug,thu,544,1,999,0,nonexistent,-1.7,94.027,-38.3,0.904,4991.6,yes,1,1
41,admin.,single,unknown,no,yes,yes,telephone,may,mon,1111,3,999,0,nonexistent,1.1,93.994,-36.4,4.857,5191.0,yes,1,1
28,admin.,single,high.school,no,no,no,cellular,jun,mon,491,2,999,0,nonexistent,-2.9,92.963,-40.8,1.26,5076.2,yes,1,1
55,technician,married,professional.course,no,yes,no,cellular,oct,tue,182,1,999,0,nonexistent,-3.4,92.431,-26.9,0.742,5017.5,no,1,0
33,admin.,married,university.degree,no,yes,no,cellular,sep,thu,272,2,999,0,nonexistent,-1.1,94.199,-37.5,0.878,4963.6,yes,1,1
23,services,single,high.school,no,unknown,unknown,cellular,jul,wed,1300,3,999,0,nonexistent,1.4,93.918,-42.7,4.963,5228.1,no,1,0
35,admin.,married,high.school,unknown,no,no,cellular,may,fri,585,1,999,0,nonexistent,-1.8,92.893,-46.2,1.25,5099.1,yes,1,1
42,admin.,single,university.degree,no,no,no,cellular,aug,mon,1013,3,999,0,nonexistent,-1.7,94.027,-38.3,0.898,4991.6,no,1,0
41,blue-collar,married,basic.6y,no,yes,no,cellular,may,fri,432,1,999,0,nonexistent,-1.8,92.893,-46.2,1.25,5099.1,no,1,0
44,admin.,married,university.degree,no,yes,no,cellular,aug,thu,254,2,999,0,nonexistent,-2.9,92.201,-31.4,0.883,5076.2,yes,1,1
32,admin.,divorced,university.degree,no,yes,no,cellular,jul,thu,668,1,999,0,nonexistent,1.4,93.918,-42.7,4.963,5228.1,no,1,0
82,housemaid,married,basic.4y,no,no,no,telephone,sep,tue,279,3,3,2,success,-1.1,94.199,-37.5,0.877,4963.6,yes,1,1
38,management,married,university.degree,no,yes,no,cellular,may,fri,1276,1,999,0,nonexistent,-1.8,92.893,-46.2,1.313,5099.1,yes,1,1
53,self-employed,married,basic.9y,no,yes,no,cellular,may,tue,600,4,999,0,nonexistent,-1.8,92.893,-46.2,1.291,5099.1,no,1,0
36,blue-collar,married,basic.9y,unknown,no,no,cellular,may,wed,951,3,999,1,failure,-1.8,92.893,-46.2,1.281,5099.1,yes,1,1
38,self-employed,single,unknown,no,no,no,cellular,jul,tue,843,8,999,0,nonexistent,1.4,93.918,-42.7,4.961,5228.1,no,1,0
52,blue-collar,married,basic.9y,no,no,no,cellular,aug,fri,809,1,999,0,nonexistent,1.4,93.444,-36.1,4.966,5228.1,yes,1,1
30,technician,married,university.degree,no,no,no,cellular,jun,fri,171,1,7,1,success,-1.7,94.055,-39.8,0.748,4991.6,no,1,0
43,technician,married,professional.course,unknown,no,no,cellular,may,thu,681,5,999,0,nonexistent,-1.8,92.893,-46.2,1.327,5099.1,no,1,0
43,admin.,married,high.school,no,no,no,telephone,jun,fri,1422,10,999,0,nonexistent,1.4,94.465,-41.8,4.959,5228.1,yes,1,1
31,technician,single,university.degree,no,yes,no,cellular,nov,mon,984,1,999,0,nonexistent,-0.1,93.2,-42.0,4.191,5195.8,yes,1,1
50,blue-collar,divorced,high.school,no,yes,yes,cellular,jul,mon,629,2,999,0,nonexistent,1.4,93.918,-42.7,4.96,5228.1,yes,1,1
50,technician,married,professional.course,no,yes,no,telephone,may,fri,855,2,999,0,nonexistent,1.1,93.994,-36.4,4.864,5191.0,yes,1,1
45,entrepreneur,married,high.school,no,no,no,cellular,nov,mon,623,1,999,1,failure,-0.1,93.2,-42.0,4.191,5195.8,no,1,0
31,technician,single,university.degree,no,yes,no,cellular,aug,thu,958,5,999,0,nonexistent,1.4,93.444,-36.1,4.962,5228.1,no,1,0
37,management,married,unknown,no,no,no,cellular,dec,wed,149,3,999,0,nonexistent,-3.0,92.713,-33.0,0.715,5023.5,yes,1,1
76,retired,married,professional.course,unknown,yes,no,cellular,jun,tue,352,1,3,1,success,-1.7,94.055,-39.8,0.761,4991.6,yes,1,1
39,admin.,married,university.degree,no,no,no,telephone,jun,tue,979,9,999,0,nonexistent,1.4,94.465,-41.8,4.961,5228.1,no,1,0
36,admin.,married,university.degree,no,yes,no,cellular,sep,fri,355,1,999,0,nonexistent,-3.4,92.379,-29.8,0.773,5017.5,no,1,0
24,student,single,high.school,no,no,no,cellular,jun,tue,292,1,999,1,failure,-1.7,94.055,-39.8,0.737,4991.6,no,1,0
35,technician,single,professional.course,no,yes,no,cellular,nov,thu,192,2,999,1,failure,-3.4,92.649,-30.1,0.714,5017.5,yes,1,1
28,admin.,single,university.degree,no,yes,no,telephone,may,fri,1128,3,999,0,nonexistent,1.1,93.994,-36.4,4.859,5191.0,no,1,0
49,technician,divorced,high.school,no,yes,no,cellular,jul,thu,1171,1,999,0,nonexistent,1.4,93.918,-42.7,4.958,5228.1,no,1,0
33,self-employed,single,basic.4y,no,yes,no,telephone,may,fri,742,2,999,0,nonexistent,1.1,93.994,-36.4,4.864,5191.0,no,1,0
38,management,married,high.school,unknown,no,no,telephone,may,thu,879,2,999,0,nonexistent,1.1,93.994,-36.4,4.86,5191.0,no,1,0
51,technician,single,university.degree,no,no,no,cellular,jun,fri,151,2,999,0,nonexistent,-2.9,92.963,-40.8,1.268,5076.2,no,1,0
60,retired,married,university.degree,no,yes,no,cellular,oct,mon,338,2,999,0,nonexistent,-1.1,94.601,-49.5,1.0,4963.6,no,1,0
36,admin.,married,university.degree,no,no,no,cellular,jun,mon,174,1,3,1,success,-2.9,92.963,-40.8,1.266,5076.2,yes,1,1
64,housemaid,married,unknown,no,yes,no,telephone,may,wed,671,3,999,0,nonexistent,-1.8,93.876,-40.0,0.697,5008.7,yes,1,1
26,self-employed,single,university.degree,no,yes,no,cellular,jun,wed,181,2,999,0,nonexistent,-2.9,92.963,-40.8,1.244,5076.2,no,1,0
59,unknown,married,unknown,unknown,no,no,telephone,jun,thu,701,1,999,0,nonexistent,1.4,94.465,-41.8,4.866,5228.1,yes,1,1
54,retired,single,high.school,no,yes,no,cellular,jul,thu,577,3,999,0,nonexistent,1.4,93.918,-42.7,4.962,5228.1,no,1,0
41,admin.,married,basic.6y,no,no,no,cellular,apr,fri,1203,2,999,1,failure,-1.8,93.075,-47.1,1.479,5099.1,yes,1,1
42,services,married,university.degree,no,no,no,cellular,dec,wed,179,1,6,1,success,-3.0,92.713,-33.0,0.715,5023.5,yes,1,1
28,technician,single,professional.course,no,yes,no,telephone,jun,wed,1195,2,999,0,nonexistent,1.4,94.465,-41.8,4.962,5228.1,no,1,0
29,technician,single,university.degree,no,no,no,cellular,jun,thu,442,3,999,0,nonexistent,-2.9,92.963,-40.8,1.26,5076.2,no,1,0
29,admin.,single,university.degree,no,yes,no,cellular,mar,mon,215,1,999,0,nonexistent,-1.8,93.369,-34.8,0.639,5008.7,yes,1,1
43,admin.,married,high.school,unknown,no,no,cellular,may,wed,431,2,999,0,nonexistent,-1.8,92.893,-46.2,1.281,5099.1,no,1,0
33,admin.,married,university.degree,no,yes,no,cellular,nov,fri,482,1,12,1,success,-1.1,94.767,-50.8,1.049,4963.6,yes,1,1
59,technician,married,professional.course,no,yes,no,telephone,may,fri,1438,2,999,0,nonexistent,1.1,93.994,-36.4,4.857,5191.0,no,1,0
23,student,single,high.school,no,yes,no,cellular,oct,mon,226,2,999,1,failure,-1.1,94.601,-49.5,1.032,4963.6,yes,1,1
52,management,married,high.school,no,no,no,cellular,aug,tue,408,1,999,0,nonexistent,-2.9,92.201,-31.4,0.883,5076.2,yes,1,1
29,management,married,university.degree,no,yes,no,cellular,aug,thu,75,1,4,2,success,-2.9,92.201,-31.4,0.873,5076.2,no,1,0
34,admin.,married,university.degree,no,no,no,telephone,may,tue,1167,1,999,0,nonexistent,1.1,93.994,-36.4,4.856,5191.0,no,1,0
68,retired,married,university.degree,no,yes,no,cellular,jul,mon,546,2,999,1,failure,-1.7,94.215,-40.3,0.889,4991.6,yes,1,1
44,blue-collar,married,basic.4y,unknown,no,no,cellular,may,tue,659,1,999,1,failure,-1.8,92.893,-46.2,1.344,5099.1,no,1,0
25,self-employed,single,unknown,no,no,no,cellular,apr,mon,131,2,999,1,failure,-1.8,93.749,-34.6,0.643,5008.7,no,1,0
45,management,married,basic.9y,no,yes,no,cellular,may,thu,165,1,999,3,failure,-1.8,93.876,-40.0,0.692,5008.7,no,1,0
28,student,single,basic.9y,no,yes,no,cellular,mar,tue,156,1,999,0,nonexistent,-1.8,92.843,-50.0,1.799,5099.1,yes,1,1
65,technician,married,professional.course,no,no,no,cellular,sep,thu,263,1,999,0,nonexistent,-1.1,94.199,-37.5,0.879,4963.6,no,1,0
32,admin.,single,university.degree,no,yes,no,cellular,jul,thu,210,2,15,1,success,-1.7,94.215,-40.3,0.846,4991.6,no,1,0
35,technician,married,high.school,unknown,yes,no,cellular,jul,tue,740,1,999,0,nonexistent,1.4,93.918,-42.7,4.962,5228.1,yes,1,1
29,blue-collar,married,high.school,no,no,no,telephone,jun,thu,718,13,999,0,nonexistent,1.4,94.465,-41.8,4.866,5228.1,no,1,0
30,blue-collar,married,basic.9y,no,no,no,cellular,jul,wed,988,1,999,0,nonexistent,1.4,93.918,-42.7,4.963,5228.1,yes,1,1
32,technician,single,university.degree,unknown,no,no,telephone,may,wed,857,1,999,0,nonexistent,1.1,93.994,-36.4,4.858,5191.0,yes,1,1
53,technician,married,university.degree,no,unknown,unknown,cellular,apr,thu,758,2,999,2,failure,-1.8,93.749,-34.6,0.64,5008.7,yes,1,1
78,retired,married,basic.9y,no,yes,no,telephone,oct,thu,321,1,999,0,nonexistent,-3.4,92.431,-26.9,0.754,5017.5,no,1,0
59,management,married,university.degree,no,no,no,cellular,dec,thu,112,4,999,1,failure,-3.0,92.713,-33.0,0.7,5023.5,no,1,0
29,admin.,married,university.degree,no,no,yes,cellular,jun,tue,347,3,5,1,success,-1.7,94.055,-39.8,0.702,4991.6,yes,1,1
30,unemployed,married,professional.course,no,yes,no,cellular,jun,tue,194,1,999,0,nonexistent,-2.9,92.963,-40.8,1.262,5076.2,no,1,0
26,admin.,single,university.degree,no,yes,no,cellular,sep,tue,355,1,999,1,failure,-1.1,94.199,-37.5,0.881,4963.6,no,1,0
67,retired,married,basic.4y,no,no,no,cellular,aug,mon,300,3,999,0,nonexistent,-1.7,94.027,-38.3,0.898,4991.6,no,1,0
28,admin.,single,university.degree,no,no,no,cellular,oct,fri,317,2,999,0,nonexistent,-3.4,92.431,-26.9,0.739,5017.5,no,1,0
52,retired,divorced,professional.course,no,no,no,cellular,jul,tue,867,2,999,0,nonexistent,1.4,93.918,-42.7,4.961,5228.1,no,1,0
35,admin.,married,university.degree,no,yes,no,cellular,nov,mon,690,1,999,0,nonexistent,-0.1,93.2,-42.0,4.191,5195.8,no,1,0
49,blue-collar,married,basic.6y,no,yes,no,telephone,may,fri,1980,2,999,0,nonexistent,1.1,93.994,-36.4,4.864,5191.0,yes,1,1
31,entrepreneur,single,university.degree,no,no,no,cellular,nov,thu,1855,3,999,0,nonexistent,-0.1,93.2,-42.0,4.076,5195.8,no,1,0
26,management,single,university.degree,no,no,no,cellular,sep,fri,351,2,999,0,nonexistent,-3.4,92.379,-29.8,0.803,5017.5,no,1,0
66,retired,married,high.school,no,unknown,unknown,cellular,mar,tue,881,3,999,1,failure,-1.8,93.369,-34.8,0.646,5008.7,yes,1,1
28,unemployed,single,basic.9y,no,no,yes,cellular,aug,tue,261,1,999,1,failure,-1.7,94.027,-38.3,0.899,4991.6,yes,1,1
46,admin.,married,professional.course,no,no,no,cellular,apr,fri,609,1,999,1,failure,-1.8,93.075,-47.1,1.405,5099.1,no,1,0
41,technician,married,professional.course,no,yes,no,cellular,aug,mon,984,1,999,0,nonexistent,1.4,93.444,-36.1,4.963,5228.1,no,1,0
32,admin.,single,university.degree,no,yes,no,cellular,may,wed,412,1,999,0,nonexistent,-1.8,92.893,-46.2,1.27,5099.1,yes,1,1
23,blue-collar,single,basic.9y,no,no,no,cellular,jul,thu,250,4,999,1,failure,-1.7,94.215,-40.3,0.846,4991.6,yes,1,1
58,blue-collar,married,basic.9y,no,yes,no,cellular,aug,mon,846,1,999,0,nonexistent,1.4,93.444,-36.1,4.97,5228.1,yes,1,1
30,admin.,single,professional.course,no,unknown,unknown,cellular,jun,thu,246,1,7,1,success,-2.9,92.963,-40.8,1.26,5076.2,yes,1,1
51,technician,single,university.degree,no,no,no,cellular,jun,fri,657,1,999,0,nonexistent,-2.9,92.963,-40.8,1.268,5076.2,yes,1,1
29,unemployed,married,basic.4y,no,no,no,telephone,dec,thu,805,1,999,0,nonexistent,-3.0,92.713,-33.0,0.714,5023.5,yes,1,1
46,blue-collar,married,professional.course,no,no,no,cellular,nov,fri,383,1,999,0,nonexistent,-1.1,94.767,-50.8,1.028,4963.6,no,1,0
54,unemployed,married,high.school,no,yes,no,cellular,dec,wed,346,1,999,0,nonexistent,-3.0,92.713,-33.0,0.721,5023.5,yes,1,1
36,admin.,single,university.degree,no,yes,no,cellular,mar,mon,231,2,999,4,failure,-1.8,93.369,-34.8,0.635,5008.7,no,1,0
32,admin.,single,high.school,no,no,no,cellular,apr,thu,1143,1,999,0,nonexistent,-1.8,93.075,-47.1,1.365,5099.1,yes,1,1
37,admin.,single,high.school,no,no,no,cellular,jul,thu,609,2,7,3,success,-1.7,94.215,-40.3,0.782,4991.6,yes,1,1
41,services,married,high.school,no,no,no,cellular,mar,wed,377,6,999,0,nonexistent,-1.8,92.843,-50.0,1.778,5099.1,yes,1,1
32,blue-collar,married,professional.course,no,no,no,telephone,may,thu,1119,1,999,0,nonexistent,1.1,93.994,-36.4,4.855,5191.0,yes,1,1
36,management,married,university.degree,no,unknown,unknown,cellular,sep,wed,331,1,6,4,failure,-1.1,94.199,-37.5,0.876,4963.6,yes,1,1
44,entrepreneur,married,basic.4y,no,yes,no,cellular,may,tue,955,2,999,0,nonexistent,-1.8,92.893,-46.2,1.344,5099.1,yes,1,1
53,blue-collar,divorced,basic.4y,no,no,no,telephone,jun,wed,706,1,999,0,nonexistent,1.4,94.465,-41.8,4.959,5228.1,yes,1,1
35,self-employed,married,university.degree,no,yes,no,cellular,jun,thu,269,1,999,0,nonexistent,-2.9,92.963,-40.8,1.26,5076.2,yes,1,1
39,admin.,married,high.school,no,no,no,telephone,may,wed,726,2,999,0,nonexistent,1.1,93.994,-36.4,4.859,5191.0,no,1,0
64,retired,married,unknown,no,no,no,cellular,aug,fri,252,4,999,0,nonexistent,-2.9,92.201,-31.4,0.849,5076.2,yes,1,1
28,unemployed,single,university.degree,no,yes,no,cellular,may,mon,434,1,999,0,nonexistent,-1.8,92.893,-46.2,1.244,5099.1,no,1,0
40,unemployed,single,basic.4y,no,no,no,cellular,jun,tue,355,1,999,0,nonexistent,-2.9,92.963,-40.8,1.252,5076.2,yes,1,1
60,blue-collar,married,basic.4y,no,yes,no,cellular,nov,tue,347,2,4,1,success,-1.1,94.767,-50.8,1.035,4963.6,no,1,0
25,admin.,single,university.degree,no,no,no,cellular,jul,fri,835,1,999,0,nonexistent,1.4,93.918,-42.7,4.957,5228.1,no,1,0
48,technician,married,professional.course,no,no,no,cellular,jul,tue,288,1,999,1,failure,-1.7,94.215,-40.3,0.876,4991.6,no,1,0
30,student,single,high.school,no,no,no,cellular,mar,fri,268,5,10,2,failure,-1.8,92.843,-50.0,1.64,5099.1,yes,1,1
33,admin.,single,university.degree,no,yes,no,telephone,oct,thu,166,3,6,2,success,-3.4,92.431,-26.9,0.74,5017.5,yes,1,1
43,blue-collar,single,basic.6y,no,yes,yes,cellular,jul,wed,1806,4,999,0,nonexistent,1.4,93.918,-42.7,4.957,5228.1,yes,1,1
38,admin.,single,high.school,no,yes,yes,cellular,nov,thu,1476,4,999,0,nonexistent,-0.1,93.2,-42.0,4.076,5195.8,no,1,0
49,self-employed,married,high.school,no,no,no,cellular,may,fri,532,3,999,0,nonexistent,-1.8,92.893,-46.2,1.25,5099.1,yes,1,1
46,technician,divorced,university.degree,no,no,no,telephone,jun,fri,1288,3,999,0,nonexistent,1.4,94.465,-41.8,4.967,5228.1,no,1,0
34,management,married,high.school,no,yes,no,cellular,jul,tue,838,3,999,0,nonexistent,1.4,93.918,-42.7,4.961,5228.1,yes,1,1
32,admin.,single,university.degree,no,yes,no,cellular,sep,mon,290,4,999,0,nonexistent,-1.1,94.199,-37.5,0.879,4963.6,no,1,0
43,management,married,professional.course,no,no,no,telephone,may,wed,764,3,999,0,nonexistent,1.1,93.994,-36.4,4.856,5191.0,no,1,0
54,technician,married,professional.course,unknown,yes,no,cellular,apr,mon,698,1,999,0,nonexistent,-1.8,93.075,-47.1,1.405,5099.1,no,1,0
40,management,married,university.degree,no,yes,no,cellular,may,tue,459,1,999,0,nonexistent,-1.8,92.893,-46.2,1.344,5099.1,no,1,0
24,blue-collar,single,basic.9y,no,yes,no,cellular,jul,wed,590,3,999,0,nonexistent,1.4,93.918,-42.7,4.963,5228.1,no,1,0
36,unemployed,married,university.degree,no,no,no,cellular,jul,thu,616,2,999,0,nonexistent,1.4,93.918,-42.7,4.968,5228.1,no,1,0
36,management,divorced,university.degree,no,yes,no,cellular,jun,mon,422,1,3,4,success,-1.7,94.055,-39.8,0.72,4991.6,yes,1,1
53,technician,married,professional.course,no,yes,no,telephone,mar,mon,247,5,999,2,failure,-1.8,93.369,-34.8,0.646,5008.7,no,1,0
30,admin.,single,high.school,no,no,no,cellular,sep,fri,219,3,6,1,success,-1.1,94.199,-37.5,0.883,4963.6,yes,1,1
41,entrepreneur,married,university.degree,no,yes,no,telephone,may,wed,1138,1,999,0,nonexistent,1.1,93.994,-36.4,4.856,5191.0,yes,1,1
50,management,married,university.degree,no,no,no,cellular,sep,thu,718,4,999,3,failure,-1.1,94.199,-37.5,0.878,4963.6,no,1,0
33,admin.,married,university.degree,no,no,no,cellular,apr,thu,157,6,999,0,nonexistent,-1.8,93.749,-34.6,0.659,5008.7,no,1,0
63,technician,married,unknown,no,yes,no,cellular,aug,tue,173,1,999,0,nonexistent,-2.9,92.201,-31.4,0.838,5076.2,no,1,0
58,unknown,married,basic.9y,no,yes,no,cellular,dec,thu,154,1,999,1,failure,-3.0,92.713,-33.0,0.72,5023.5,yes,1,1
66,retired,married,professional.course,no,no,yes,cellular,mar,tue,525,1,21,2,failure,-1.8,93.369,-34.8,0.655,5008.7,yes,1,1
27,admin.,single,university.degree,no,no,no,cellular,may,mon,409,1,1,1,success,-1.8,92.893,-46.2,1.299,5099.1,no,1,0
52,technician,married,professional.course,no,yes,yes,cellular,sep,mon,211,1,999,1,failure,-3.4,92.379,-29.8,0.797,5017.5,yes,1,1
44,services,divorced,high.school,no,yes,no,cellular,may,thu,533,1,999,0,nonexistent,-1.8,92.893,-46.2,1.266,5099.1,yes,1,1
39,entrepreneur,single,university.degree,no,yes,no,cellular,may,fri,452,1,999,0,nonexistent,-1.8,92.893,-46.2,1.25,5099.1,no,1,0
35,admin.,married,university.degree,no,yes,no,cellular,apr,thu,330,1,10,1,success,-1.8,93.749,-34.6,0.644,5008.7,yes,1,1
38,blue-collar,married,basic.9y,no,no,no,telephone,jun,fri,693,3,999,0,nonexistent,1.4,94.465,-41.8,4.959,5228.1,yes,1,1
27,technician,single,university.degree,no,yes,no,cellular,sep,thu,530,1,3,1,success,-1.1,94.199,-37.5,0.879,4963.6,yes,1,1
44,blue-collar,single,professional.course,no,no,no,cellular,oct,tue,123,2,999,0,nonexistent,-3.4,92.431,-26.9,0.742,5017.5,no,1,0
52,management,married,high.school,no,yes,yes,cellular,aug,tue,167,1,10,4,failure,-2.9,92.201,-31.4,0.883,5076.2,yes,1,1
27,admin.,single,university.degree,no,yes,no,cellular,aug,wed,429,2,999,0,nonexistent,-2.9,92.201,-31.4,0.879,5076.2,yes,1,1
39,management,married,university.degree,no,yes,no,cellular,sep,thu,291,3,999,0,nonexistent,-1.1,94.199,-37.5,0.884,4963.6,yes,1,1
24,student,single,unknown,no,yes,no,cellular,sep,wed,222,1,17,4,failure,-1.1,94.199,-37.5,0.886,4963.6,no,1,0
30,student,single,high.school,no,no,no,cellular,aug,thu,200,1,999,1,failure,-1.7,94.027,-38.3,0.904,4991.6,no,1,0
34,blue-collar,single,unknown,no,no,no,cellular,mar,fri,98,2,999,0,nonexistent,-1.8,93.369,-34.8,0.636,5008.7,no,1,0
27,admin.,single,unknown,no,no,no,cellular,mar,tue,128,1,3,1,success,-1.8,93.369,-34.8,0.637,5008.7,yes,1,1
41,admin.,divorced,high.school,no,no,no,cellular,apr,fri,620,1,999,0,nonexistent,-1.8,93.075,-47.1,1.405,5099.1,no,1,0
44,admin.,married,university.degree,no,no,no,cellular,aug,wed,96,2,4,1,success,-2.9,92.201,-31.4,0.879,5076.2,no,1,0
41,services,single,high.school,unknown,unknown,unknown,cellular,may,mon,772,2,999,1,failure,-1.8,92.893,-46.2,1.299,5099.1,no,1,0
37,entrepreneur,married,university.degree,unknown,yes,no,cellular,nov,mon,1012,1,999,0,nonexistent,-0.1,93.2,-42.0,4.191,5195.8,no,1,0
32,management,married,university.degree,no,yes,yes,cellular,nov,fri,1067,2,999,0,nonexistent,-0.1,93.2,-42.0,4.021,5195.8,no,1,0
39,services,married,high.school,no,yes,no,cellular,may,thu,328,2,6,3,success,-1.8,93.876,-40.0,0.683,5008.7,yes,1,1
